{
	"credit": "Created by UnduGT for the Undopia Patch - Permission given for use in Prime's HD Textures",
	"ambientocclusion": false,
	"textures": {
		"particle": "block/exposed_copper_bars",
		"bars": "block/exposed_copper_bars"
	},
	"elements": [
		{
			"from": [ 7.5, 7, 14 ],
			"to": [ 8.5, 9, 16 ],
			"faces": {
				"down": {
					"uv": [ 8, 0, 9, 2 ],
					"texture": "#bars"
				},
				"up": {
					"uv": [ 7, 14, 8, 16 ],
					"texture": "#bars"
				},
				"south": {
					"uv": [ 8, 7, 9, 9 ],
					"texture": "#bars",
					"cullface": "south"
				},
				"west": {
					"uv": [ 2, 7, 0, 9 ],
					"texture": "#bars"
				},
				"east": {
					"uv": [ 0, 7, 2, 9 ],
					"texture": "#bars"
				}
			}
		},
		{
			"from": [ 7, 0, 7 ],
			"to": [ 9, 16, 9 ],
			"faces": {
				"north": {
					"uv": [ 7, 0, 9, 16 ],
					"texture": "#bars"
				},
				"south": {
					"uv": [ 7, 0, 9, 16 ],
					"texture": "#bars"
				},
				"west": {
					"uv": [ 7, 0, 9, 16 ],
					"texture": "#bars"
				},
				"east": {
					"uv": [ 7, 0, 9, 16 ],
					"texture": "#bars"
				}
			}
		},
		{
			"from": [ 7, 0, 12 ],
			"to": [ 9, 16, 14 ],
			"faces": {
				"down": {
					"uv": [ 7, 2, 9, 4 ],
					"texture": "#bars"
				},
				"up": {
					"uv": [ 7, 12, 9, 14 ],
					"texture": "#bars"
				},
				"north": {
					"uv": [ 7, 0, 9, 16 ],
					"texture": "#bars"
				},
				"south": {
					"uv": [ 7, 0, 9, 16 ],
					"texture": "#bars"
				},
				"west": {
					"uv": [ 4, 0, 2, 16 ],
					"texture": "#bars"
				},
				"east": {
					"uv": [ 2, 0, 4, 16 ],
					"texture": "#bars"
				}
			}
		},
		{
			"from": [ 7.5, 12, 9 ],
			"to": [ 8.5, 14, 12 ],
			"faces": {
				"down": {
					"uv": [ 8, 4, 9, 7 ],
					"texture": "#bars"
				},
				"up": {
					"uv": [ 7, 9, 8, 12 ],
					"texture": "#bars"
				},
				"west": {
					"uv": [ 7, 2, 4, 4 ],
					"texture": "#bars"
				},
				"east": {
					"uv": [ 4, 2, 7, 4 ],
					"texture": "#bars"
				}
			}
		}
	]
}