{
	"credit": "Created by UnduGT for the Undopia Patch - Permission given for use in Prime's HD Textures",
	"ambientocclusion": false,
	"textures": {
		"particle": "block/iron_bars",
		"bars": "block/iron_bars"
	},
	"elements": [
		{
			"from": [ 7, 0, 7 ],
			"to": [ 9, 16, 9 ],
			"faces": {
				"north": {
					"uv": [ 7, 0, 9, 16 ],
					"texture": "#bars"
				},
				"south": {
					"uv": [ 7, 0, 9, 16 ],
					"texture": "#bars"
				},
				"west": {
					"uv": [ 7, 0, 9, 16 ],
					"texture": "#bars"
				},
				"east": {
					"uv": [ 7, 0, 9, 16 ],
					"texture": "#bars"
				}
			}
		},
		{
			"from": [ 7, 0, 2 ],
			"to": [ 9, 16, 4 ],
			"faces": {
				"down": {
					"uv": [ 7, 12, 9, 14 ],
					"texture": "#bars"
				},
				"up": {
					"uv": [ 7, 2, 9, 4 ],
					"texture": "#bars"
				},
				"north": {
					"uv": [ 7, 0, 9, 16 ],
					"texture": "#bars"
				},
				"south": {
					"uv": [ 7, 0, 9, 16 ],
					"texture": "#bars"
				},
				"west": {
					"uv": [ 14, 0, 12, 16 ],
					"texture": "#bars"
				},
				"east": {
					"uv": [ 12, 0, 14, 16 ],
					"texture": "#bars"
				}
			}
		},
		{
			"from": [ 7.5, 7, 0 ],
			"to": [ 8.5, 9, 2 ],
			"faces": {
				"down": {
					"uv": [ 8, 14, 9, 16 ],
					"texture": "#bars"
				},
				"up": {
					"uv": [ 7, 0, 8, 2 ],
					"texture": "#bars"
				},
				"north": {
					"uv": [ 7, 7, 8, 9 ],
					"texture": "#bars",
					"cullface": "north"
				},
				"west": {
					"uv": [ 16, 7, 14, 9 ],
					"texture": "#bars"
				},
				"east": {
					"uv": [ 14, 7, 16, 9 ],
					"texture": "#bars"
				}
			}
		},
		{
			"from": [ 7.5, 2, 4 ],
			"to": [ 8.5, 4, 7 ],
			"faces": {
				"down": {
					"uv": [ 8, 9, 9, 12 ],
					"texture": "#bars"
				},
				"up": {
					"uv": [ 7, 4, 8, 7 ],
					"texture": "#bars"
				},
				"west": {
					"uv": [ 12, 12, 9, 14 ],
					"texture": "#bars"
				},
				"east": {
					"uv": [ 9, 12, 12, 14 ],
					"texture": "#bars"
				}
			}
		}
	]
}